Model,Lag,R2,MSE,RMSE,MAE,Directional_Accuracy,Upward_Accuracy,Downward_Accuracy
amazon/chronos-t5-tiny,512,-0.03908318502214958,0.0006457071083847029,0.02541076756779895,0.014275026121953683,0.5147204876768,0.8580809843790906,0.1381279086503862
